{"cameraMode":{"drawMode":0,"name":"Shaded","section":"Shading Mode"},"sceneLighting":false,"audioPlay":false,"sceneViewState":{"showFog":true,"showMaterialUpdate":false,"showSkybox":true,"showFlares":true,"showImageEffects":true,"showParticleSystems":true},"in2DMode":false,"pivot":{"x":0.14747917652130128,"y":0.2148311734199524,"z":1.928178310394287},"rotation":{"x":-0.17002911865711213,"y":0.3345666825771332,"z":-0.06150582432746887,"w":-0.9248722791671753},"size":1.7121937274932862,"orthographic":false}