{"cameraMode":{"drawMode":0,"name":"Shaded","section":"Shading Mode"},"sceneLighting":false,"audioPlay":false,"sceneViewState":{"showFog":true,"showMaterialUpdate":false,"showSkybox":true,"showFlares":true,"showImageEffects":true,"showParticleSystems":true},"in2DMode":false,"pivot":{"x":7.900217533111572,"y":2.225085496902466,"z":3.407125234603882},"rotation":{"x":-0.21460650861263276,"y":-0.014065681025385857,"z":0.00309193623252213,"w":-0.9766024947166443},"size":1.6601581573486329,"orthographic":false}