{"cameraMode":{"drawMode":0,"name":"Shaded","section":"Shading Mode"},"sceneLighting":false,"audioPlay":false,"sceneViewState":{"showFog":true,"showMaterialUpdate":false,"showSkybox":true,"showFlares":true,"showImageEffects":true,"showParticleSystems":true},"in2DMode":false,"pivot":{"x":7.980000019073486,"y":1.7799999713897706,"z":3.7200000286102297},"rotation":{"x":-0.39937806129455569,"y":0.282930463552475,"z":-0.13106626272201539,"w":-0.8621418476104736},"size":2.769728422164917,"orthographic":false}