{"cameraMode":{"drawMode":0,"name":"Shaded","section":"Shading Mode"},"sceneLighting":true,"audioPlay":false,"sceneViewState":{"showFog":true,"showMaterialUpdate":false,"showSkybox":true,"showFlares":true,"showImageEffects":true,"showParticleSystems":true},"in2DMode":false,"pivot":{"x":109.4540786743164,"y":23.020793914794923,"z":1.6161174774169922},"rotation":{"x":0.1407005786895752,"y":-0.7100393176078796,"z":0.14821991324424745,"w":0.673895001411438},"size":68.84049987792969,"orthographic":false}